0,1,2,3,4,5,6,7,8,9
-0.15548539705427872,-1.051255649274201,-0.6244716901642768,0.6461922894152916,-0.2086478136016568,-0.1111111111111111,-1.0,-0.6666666666666666,0.6666666666666666,-0.2857142857142857
-0.18665314450222342,-1.172651826893295,-1.1657596530182215,-0.5943318853164408,0.8352274486780561,-0.1111111111111111,-1.0,-1.3333333333333333,-0.5555555555555556,0.7142857142857143
-0.9390533909515285,-0.39825889255410235,-0.6294257941969883,-1.0200115455334502,-0.9852211990521103,-0.8888888888888888,-0.3333333333333333,-0.6666666666666666,-0.9444444444444444,-1.0
-1.1362154110165619,0.21384681612302547,0.006868158107604227,-1.0924292946181657,-1.2659617773198106,-1.1111111111111112,0.3333333333333333,0.0,-0.9444444444444444,-1.4285714285714286
-1.0325481314899527,-1.1779627339158252,-0.6352065084090223,0.1520028482350436,-1.385919937718747,-1.0,-1.0,-0.6666666666666666,0.16666666666666666,-1.4285714285714286
-1.2412150265030901,0.3720058174756671,-0.397095889212008,-0.5501617028839287,0.12925558210331797,-1.2222222222222223,0.3333333333333333,-0.3333333333333333,-0.5555555555555556,0.14285714285714285
-0.8120873001447753,-1.436261879034716,1.139051808661277,0.045179331746388475,-1.0357544389592857,-0.7777777777777778,-1.3333333333333333,1.3333333333333333,0.05555555555555555,-1.1428571428571428
-0.7882915196938525,-1.1340227629204984,-0.8801033193261115,0.6666927681475389,-0.7577253479533398,-0.7777777777777778,-1.0,-1.0,0.6111111111111112,-0.8571428571428571
0.04536460314538493,-1.1348208669891335,-1.2281937282515565,0.5743288243834711,-0.5978361693050143,0.1111111111111111,-1.0,-1.3333333333333333,0.6111111111111112,-0.7142857142857143
-0.7272842386704101,-0.4555061116990063,0.07832513495800371,-0.003037227900968057,-0.3601681093220833,-0.6666666666666666,-0.3333333333333333,0.0,-0.05555555555555555,-0.42857142857142855
-0.8630588439579922,-0.3500815265373736,-0.031786634546956904,-1.2003311973513533,-0.3272735762124632,-0.7777777777777778,-0.3333333333333333,0.0,-1.1666666666666667,-0.42857142857142855
-0.09555410967612375,-0.8020974836564412,-0.4389755035115306,-0.9637375299851287,-0.1514012399450417,0.0,-0.6666666666666666,-0.3333333333333333,-0.8888888888888888,-0.14285714285714285
-1.0053478932332969,0.37247682293378925,-0.367307359018682,-1.0647845232078754,-0.33389015708783804,-1.0,0.3333333333333333,-0.3333333333333333,-0.9444444444444444,-0.42857142857142855
-0.5354279892573248,-1.124491415418957,-1.161626949436811,0.6768236401954261,-1.3865198697189656,-0.4444444444444444,-1.0,-1.3333333333333333,0.7222222222222222,-1.4285714285714286
-0.3112666826998691,0.24021774594734746,0.3301890888150959,-1.7708502418143517,-0.4924658713462752,-0.3333333333333333,0.3333333333333333,0.3333333333333333,-1.7777777777777777,-0.5714285714285714
0.20764629191824857,0.7537509857412299,1.114887006208954,-0.8386507490380178,0.6945696286149756,0.2222222222222222,0.6666666666666666,1.0,-0.8333333333333334,0.5714285714285714
-1.3860387731276478,0.3196357171833461,-0.17984328443482578,-0.42465237587920057,-0.02171035013469146,-1.3333333333333333,0.3333333333333333,-0.3333333333333333,-0.3333333333333333,0.0
-1.1204772810504935,0.6715876192142107,-0.8034505070628284,-0.7441734920743793,-0.2838170950294531,-1.1111111111111112,0.6666666666666666,-1.0,-0.7777777777777778,-0.42857142857142855
-0.467430678404139,-1.051255649274201,-0.8983068036616749,1.427546401859043,-1.6056081688307167,-0.4444444444444444,-1.0,-1.0,1.3888888888888888,-1.7142857142857142
-1.3572611923369877,-1.0940054940987853,-1.1927950156100817,0.3838689091660051,-0.9492172564126053,-1.3333333333333333,-1.0,-1.3333333333333333,0.4444444444444444,-1.1428571428571428
-0.4629160909162457,0.6701539265686358,0.42546251097081866,-0.684906161290183,0.8719025642399778,-0.4444444444444444,0.6666666666666666,0.3333333333333333,-0.6666666666666666,0.8571428571428571
-0.7269665803046402,-0.3395279441873004,0.09264702460276672,0.0643940372818523,-0.35369304757593917,-0.6666666666666666,-0.3333333333333333,0.0,0.16666666666666666,-0.42857142857142855
-0.8018400483211701,0.69259471076171,-0.2274008076467694,-0.24584091037302017,-1.3033021290606321,-0.7777777777777778,0.6666666666666666,-0.3333333333333333,-0.16666666666666666,-1.4285714285714286
-0.9623774500174349,-0.04344663516429969,0.09827040502856824,0.8980535743581622,-1.5353617313982972,-1.0,0.0,0.0,1.0,-1.7142857142857142
-0.1260709537492768,0.6617825178818734,-0.25338415249360186,-0.02880016673859208,-0.41832091885386197,-0.1111111111111111,0.6666666666666666,-0.3333333333333333,0.05555555555555555,-0.5714285714285714
-0.12936553216084853,-0.4485655009798482,-1.1653109217780178,-1.234591431188238,-0.14316055858659263,0.0,-0.3333333333333333,-1.3333333333333333,-1.2222222222222223,-0.2857142857142857
-1.019170411862234,-0.4044270377809233,1.0647826206251745,0.3258216768847803,-0.14061754647868455,-1.0,-0.3333333333333333,1.0,0.3888888888888889,-0.2857142857142857
-0.7489576593344602,-0.7166598228208967,-0.8914344777716536,-0.6771128290591999,-1.190536574110696,-0.6666666666666666,-0.6666666666666666,-1.0,-0.6666666666666666,-1.2857142857142858
0.0604435855617188,0.6541699283484499,0.3291714552750058,-1.6390875699501875,-1.6017334007447885,0.1111111111111111,0.6666666666666666,0.3333333333333333,-1.6111111111111112,-1.7142857142857142
-0.5293862971764857,-0.7620810418855766,-0.9420591415271242,0.29999571883899223,-0.1361860081224274,-0.4444444444444444,-0.6666666666666666,-1.0,0.3333333333333333,-0.14285714285714285
0.10782234369784992,0.3284636579383862,0.25444867358587986,-0.5662778452767688,-0.7720556840869441,0.2222222222222222,0.3333333333333333,0.3333333333333333,-0.6111111111111112,-0.8571428571428571
0.15789102153958204,-0.3660692464863777,-0.18014405939923506,-0.7481980424925636,-0.47563103171135585,0.2222222222222222,-0.3333333333333333,-0.3333333333333333,-0.7222222222222222,-0.5714285714285714
-0.6254002772361452,-0.8194775437086035,-0.5985880247802452,-0.32971021462347494,0.38559742813852815,-0.5555555555555556,-0.6666666666666666,-0.6666666666666666,-0.2777777777777778,0.42857142857142855
-1.4405934414754393,-0.07595841753744768,-0.6370663813124974,0.2841849572955802,-1.5886297241837102,-1.4444444444444444,0.0,-0.6666666666666666,0.3888888888888889,-1.7142857142857142
0.39206732605467165,1.0372230775306406,0.006206522648945043,0.6154825694245942,-1.2658210604532174,0.4444444444444444,1.0,0.0,0.6111111111111112,-1.4285714285714286
-0.33649128172059006,0.7135815395634246,-0.24085267271203523,-0.584246026988672,0.0,-0.2222222222222222,0.6666666666666666,-0.3333333333333333,-0.5,0.0
0.12702702041219086,-0.6662494195136857,0.36645053241683784,-1.0794156014445067,-0.9894200812435329,0.2222222222222222,-0.6666666666666666,0.3333333333333333,-1.0555555555555556,-1.1428571428571428
-0.29331705280535747,1.0653717531534415,0.3186710747912021,0.05611021742144946,0.25981500144487524,-0.2222222222222222,1.0,0.3333333333333333,0.05555555555555555,0.14285714285714285
0.10104614715568891,0.3791982651781406,-0.2902586074258075,-0.40585024213819176,-0.6552661402005301,0.2222222222222222,0.3333333333333333,-0.3333333333333333,-0.3333333333333333,-0.7142857142857143
-0.886934489853674,-0.04973801096752125,-0.012236261860380142,-0.5134748085411044,0.34309018410804387,-0.7777777777777778,0.0,0.0,-0.4444444444444444,0.42857142857142855
0.09014464276122168,-1.0942718044719466,-0.5879379514446403,1.0070988255823263,-0.09939632945589069,0.1111111111111111,-1.0,-0.6666666666666666,1.0,-0.14285714285714285
0.14706706391567143,-1.436261879034716,-1.1466475921158061,-0.4105419023653061,-0.5637674445993524,0.2222222222222222,-1.3333333333333333,-1.3333333333333333,-0.3333333333333333,-0.5714285714285714
0.06822634433831958,-0.36030222092099545,0.6901132212825027,-0.014695133731876376,-0.7983774398611894,0.1111111111111111,-0.3333333333333333,0.6666666666666666,0.0,-0.8571428571428571
-0.6176010301096589,-0.03242328793237679,-0.5408444413417622,-0.08936454034158778,0.10384278989720327,-0.5555555555555556,0.0,-0.6666666666666666,-0.1111111111111111,0.14285714285714285
0.04682768656728918,1.376774592667119,-0.24803862422891704,-1.5110280052050102,0.8539902858830821,0.1111111111111111,1.3333333333333333,-0.3333333333333333,-1.5,0.8571428571428571
0.15379121910350518,0.28732449464091747,-1.1992654978120882,-0.9155414370076382,-0.8405568793780476,0.2222222222222222,0.3333333333333333,-1.3333333333333333,-0.8888888888888888,-0.8571428571428571
-0.8061750673735874,-0.7735009599992722,0.554639801141208,-0.10429737242285958,-1.6031819661628084,-0.7777777777777778,-0.6666666666666666,0.6666666666666666,-0.1111111111111111,-1.7142857142857142
-0.12154928142354196,0.7478181364807581,-0.5481283357454376,-0.566049279207282,0.4365706288760321,0.0,0.6666666666666666,-0.6666666666666666,-0.5555555555555556,0.42857142857142855
-0.48951772478290434,0.358422334342749,-0.24793651355970656,0.48049393587468475,-1.4419863830358035,-0.4444444444444444,0.3333333333333333,-0.3333333333333333,0.6111111111111112,-1.5714285714285714
0.30266440140784745,0.43659724815371254,-0.15786726238170012,-0.9578771970014769,-0.44796275832656374,0.3333333333333333,0.3333333333333333,-0.3333333333333333,-0.9444444444444444,-0.5714285714285714
0.521947088627586,0.5736490848062069,1.556757034608918,-0.8565726216709517,-0.6058628069918148,0.5555555555555556,0.6666666666666666,1.6666666666666667,-0.8888888888888888,-0.7142857142857143
0.36027727221376865,0.9931425078910988,-1.1466475921158061,0.1786235089367125,-0.6070361963252195,0.4444444444444444,1.0,-1.3333333333333333,0.2777777777777778,-0.7142857142857143
-1.4079283457534832,-1.110068475674987,-0.8887889778826208,0.03980203807875705,-1.6432881985721972,-1.3333333333333333,-1.0,-1.0,0.05555555555555555,-1.7142857142857142
0.4607834259106947,-0.6752837094553827,-0.28492940297558844,-0.7110111396327544,-0.42654009957362937,0.5555555555555556,-0.6666666666666666,-0.3333333333333333,-0.6666666666666666,-0.5714285714285714
0.025661153846996066,0.41112118734727987,-0.2228054802171001,-0.07820670779560492,-0.05795513201793252,0.0,0.3333333333333333,-0.3333333333333333,-0.1111111111111111,0.0
-0.41990043355343126,-0.4713581953088849,-1.498394882796749,0.6567635834729559,0.28946550535406024,-0.3333333333333333,-0.3333333333333333,-1.6666666666666667,0.7222222222222222,0.2857142857142857
1.2581905556020005,0.9889208268358152,0.1002778868926366,0.29740305809613193,0.15497371546921218,1.3333333333333333,1.0,0.0,0.3333333333333333,0.14285714285714285
-0.5838198792048028,0.8275826420222057,-0.6077470739562572,-0.6016239784395289,-0.6047141273476411,-0.5555555555555556,0.6666666666666666,-0.6666666666666666,-0.6666666666666666,-0.7142857142857143
0.2557627748965392,0.40728367141104405,-0.8548805947703362,-0.8050182461009534,-0.4908818839950686,0.3333333333333333,0.3333333333333333,-1.0,-0.8333333333333334,-0.5714285714285714
-0.48512976266952546,0.32553258973191573,-0.5633452566641973,0.33603441561213093,0.541732017644003,-0.4444444444444444,0.3333333333333333,-0.6666666666666666,0.3333333333333333,0.42857142857142855
-1.4445608218514947,-0.028613478199559735,0.3495522586081197,-0.7948095877539882,-2.116103930236525,-1.4444444444444444,0.0,0.3333333333333333,-0.7222222222222222,-2.2857142857142856
-0.8821224679916684,-0.4607595386875778,0.25846051147720417,-0.8096707217227854,-1.0298951940135803,-0.7777777777777778,-0.3333333333333333,0.3333333333333333,-0.7777777777777778,-1.1428571428571428
-0.2961458353326531,0.5580802661118811,-0.19265678415992613,-0.10695007304852477,-0.09447027640996412,-0.2222222222222222,0.6666666666666666,-0.3333333333333333,0.0,-0.2857142857142857
0.5841470698978511,-0.2812431897531707,-0.009594582438562704,-0.09512351149504686,-0.7390194713955662,0.6666666666666666,-0.3333333333333333,0.0,-0.1111111111111111,-0.8571428571428571
-0.41784415598133573,-0.08345025764701544,0.07878671686065956,-0.34320189521363026,0.5397302119112578,-0.3333333333333333,0.0,0.0,-0.3333333333333333,0.5714285714285714
0.1865637467301865,-0.34369628046286727,-0.4999230696828909,-1.11268890137183,-0.22270554089108474,0.2222222222222222,-0.3333333333333333,-0.6666666666666666,-1.1111111111111112,-0.2857142857142857
-0.6174638418859991,0.037139131869536074,-0.24951262994364132,-0.4275868818231817,-0.18111672712785312,-0.5555555555555556,0.0,-0.3333333333333333,-0.3888888888888889,-0.2857142857142857
-0.08776143212654462,-0.3848052564043716,-0.5697698932596194,-0.17169547641906127,-1.0048105272261463,0.0,-0.3333333333333333,-0.6666666666666666,-0.1111111111111111,-1.1428571428571428
-0.2927269502207698,1.0384917735319745,0.023039501199800267,-1.3139833275657478,0.6898102857450931,-0.2222222222222222,1.0,0.0,-1.2222222222222223,0.7142857142857143
0.15871415088154098,1.04754673974488,-1.148244894727026,0.011929801654004424,0.09873831364072767,0.2222222222222222,1.0,-1.3333333333333333,-0.05555555555555555,0.0
0.651282993284733,-0.09816928159468616,-0.6235978451175644,-0.9881478551091895,-1.2025761295095785,0.7777777777777778,0.0,-0.6666666666666666,-0.9444444444444444,-1.2857142857142858
0.24428842915877183,-1.081811456391056,-0.03814667051491912,0.22892093304438985,-0.05472329720958587,0.3333333333333333,-1.0,0.0,0.2777777777777778,-0.14285714285714285
0.25480348785278795,0.025127872399287633,-1.1528961399041204,-0.7901035490436139,-1.0446526547753148,0.3333333333333333,0.0,-1.3333333333333333,-0.7777777777777778,-1.1428571428571428
-0.5615347149969391,2.213508138800636,0.07315604281562864,-0.6700610250032109,-0.05784409886892158,-0.5555555555555556,2.0,0.0,-0.6666666666666666,-0.14285714285714285
0.18287306147565338,0.01957422595277306,-0.5096593567236231,-0.6371026915808221,-0.878970498075131,0.3333333333333333,0.0,-0.6666666666666666,-0.5555555555555556,-1.0
0.006231436919759839,0.7741212481355174,-0.8891397662360306,-0.48265550119150386,0.3309752160212494,0.0,0.6666666666666666,-1.0,-0.5555555555555556,0.2857142857142857
-0.33898475819512836,-1.8212681087952307,-1.452661459022537,-0.8545833390814886,-1.4767468185873982,-0.3333333333333333,-1.6666666666666667,-1.6666666666666667,-0.7222222222222222,-1.5714285714285714
0.9462129416285362,0.20469922021510792,0.436705104040005,0.20511541096846383,-0.6388112521506651,1.0,0.3333333333333333,0.3333333333333333,0.2777777777777778,-0.7142857142857143
-0.7834784673099784,-0.7194837879425082,-0.2234768405013988,-0.8162098875129804,-0.7174946043826325,-0.7777777777777778,-0.6666666666666666,-0.3333333333333333,-0.7777777777777778,-0.8571428571428571
-0.7597391079313212,-0.1362715141770989,-1.2187481440343926,-0.4453810968412224,-1.3767571356849149,-0.6666666666666666,0.0,-1.3333333333333333,-0.5,-1.4285714285714286
-0.9991937454536269,-0.37751728432891624,-0.5326314787743526,-0.9003551679669158,-0.07798458147482484,-1.0,-0.3333333333333333,-0.6666666666666666,-0.7777777777777778,-0.14285714285714285
-0.5177121590115852,0.74134729064345,0.0,-0.32455734187700247,-2.1499847650325163,-0.4444444444444444,0.6666666666666666,0.0,-0.3333333333333333,-2.2857142857142856
-0.872556519937957,-0.3327974043836173,1.0260003632917003,0.26681710964377153,0.07885567824647234,-0.8888888888888888,-0.3333333333333333,1.0,0.16666666666666666,0.0
0.9568582325236056,0.7953421323273089,-0.23111603835610178,0.4539934844745087,-1.0355060584467586,1.1111111111111112,0.6666666666666666,-0.3333333333333333,0.5,-1.1428571428571428
-0.6936986292899819,-1.1063814829931466,0.3786246248561681,-0.7584874664639686,0.19896867533441928,-0.6666666666666666,-1.0,0.3333333333333333,-0.7222222222222222,0.0
-1.2945880727141381,-0.04027903041520849,-0.2996743225356507,-0.006969160161212585,-0.32694753667663956,-1.2222222222222223,0.0,-0.3333333333333333,0.0,-0.42857142857142855
-1.0489554565939678,-1.8212681087952307,-0.8829068476317794,-0.26221372812244165,-0.3116286525212788,-1.0,-1.6666666666666667,-1.0,-0.2777777777777778,-0.2857142857142857
0.3090904781454017,-0.07659731431778014,-0.2787346890434907,0.0016816996299871777,0.05746527045156001,0.4444444444444444,0.0,-0.3333333333333333,0.05555555555555555,0.0
1.3863463839052064,-0.7643852055490149,0.2429876192550158,0.11769624055124689,0.2055453035304535,1.4444444444444444,-0.6666666666666666,0.3333333333333333,0.16666666666666666,0.14285714285714285
0.5153407993783894,-0.2913299018993636,-0.17518370369289848,-0.6782790406339178,-0.8094915050816118,0.6666666666666666,-0.3333333333333333,-0.3333333333333333,-0.6666666666666666,-1.0
-0.681295396903565,1.07358478160275,0.9957731739990113,-0.7125566970473652,0.07555581156647762,-0.6666666666666666,1.0,1.0,-0.6666666666666666,0.0
-0.11602568421177342,-0.013427170522584483,-0.8834938103221385,-0.6655034344173089,-0.8668468655518532,-0.1111111111111111,0.0,-1.0,-0.6666666666666666,-1.0
-0.8331704894090045,-0.8307589308052041,-1.4700098533322636,-1.1751954065020667,-1.3638174416069129,-0.8888888888888888,-0.6666666666666666,-1.6666666666666667,-1.1666666666666667,-1.4285714285714286
0.7448162495779694,0.39793841035037597,2.857697321053657,-1.1844532066835076,0.2304181729816236,0.7777777777777778,0.3333333333333333,3.0,-1.0555555555555556,0.14285714285714285
-0.6295782705189463,-0.40478928605249015,0.7000818621929688,-0.8740532950787954,0.30665414281205594,-0.5555555555555556,-0.3333333333333333,0.6666666666666666,-0.8888888888888888,0.2857142857142857
0.0698948880576301,0.3787227109403527,0.6682490347242265,-0.5361017483652731,-0.6840490772936727,0.1111111111111111,0.3333333333333333,0.6666666666666666,-0.5555555555555556,-0.8571428571428571
-0.23527625779380473,-1.1198111346682762,-0.2724500204742311,-1.0018004840367425,0.34741165203045477,-0.1111111111111111,-1.0,-0.3333333333333333,-1.0,0.2857142857142857
0.6972125800441762,-1.8212681087952307,-0.597181745529793,-0.7780739399900403,0.06536418792649298,0.7777777777777778,-1.6666666666666667,-0.6666666666666666,-0.7777777777777778,0.0
0.462309499981773,0.41872013054170587,0.43545060153256304,-0.25880032801076897,-1.4470817134982132,0.4444444444444444,0.3333333333333333,0.3333333333333333,-0.2777777777777778,-1.5714285714285714
0.5020799151674402,-0.6210928567204703,0.048238955637081735,0.00930611706663094,-0.3939823563191737,0.5555555555555556,-0.6666666666666666,0.0,0.1111111111111111,-0.42857142857142855
-0.4848633727666816,1.4739543079217825,-0.5684375921470645,-0.3046801250565345,-1.043865956033119,-0.4444444444444444,1.3333333333333333,-0.6666666666666666,-0.2777777777777778,-1.1428571428571428
-0.3868354953467427,-0.7353172629082995,0.2655940183986753,-1.8055498613739336,1.539950192326422,-0.3333333333333333,-0.6666666666666666,0.3333333333333333,-1.7222222222222223,1.5714285714285714
-0.7108367232135481,-0.4128923167389714,0.9477571947212254,-0.4468489974926384,-0.4817325599735442,-0.6666666666666666,-0.3333333333333333,1.0,-0.4444444444444444,-0.5714285714285714
-0.1758590720124815,1.4599916219749065,0.10411051014004087,-0.509326745656354,-0.4164545350543041,-0.1111111111111111,1.3333333333333333,0.0,-0.3888888888888889,-0.5714285714285714
0.036074319691327746,0.9644500463355242,-0.5819526685789842,-0.46983287344855684,-0.6050809218254424,0.1111111111111111,1.0,-0.6666666666666666,-0.4444444444444444,-0.7142857142857143
-0.46959850996843094,1.7879400272347847,0.655832516274322,0.011688929675420604,-1.2590656881415796,-0.4444444444444444,1.6666666666666667,0.6666666666666666,0.1111111111111111,-1.4285714285714286
0.06387573864265084,1.7800007526162722,1.2711257076113085,-0.09040963586361661,-0.1727829833034702,0.1111111111111111,1.6666666666666667,1.3333333333333333,-0.05555555555555555,-0.14285714285714285
0.38425300754586794,-0.84693852655102,-0.5959689208465184,-0.292979342847615,-0.8547217889558277,0.4444444444444444,-0.6666666666666666,-0.6666666666666666,-0.2777777777777778,-1.0
0.20967384369327707,-0.691864011337213,-0.6684532560626475,-0.8903579121846438,-0.48696876775507486,0.3333333333333333,-0.6666666666666666,-0.6666666666666666,-0.8333333333333334,-0.5714285714285714
-0.14097706612227623,0.8188307899452123,0.0560177742027466,-0.917304614709434,0.032659630609400365,-0.1111111111111111,0.6666666666666666,0.0,-0.8333333333333334,0.0
-0.32465522280720066,-1.436261879034716,0.7161462322031347,0.3381517444241437,-0.2916667535784522,-0.2222222222222222,-1.3333333333333333,0.6666666666666666,0.3888888888888889,-0.2857142857142857
0.3166693224073973,-0.79746186365157,-0.8509229380504296,0.16434243666197124,-0.07190663973417466,0.4444444444444444,-0.6666666666666666,-1.0,0.16666666666666666,-0.14285714285714285
0.2143905422825058,-0.04218703672229794,0.83015036317014,-0.13246883674249169,0.4467269529599725,0.3333333333333333,0.0,1.0,-0.05555555555555555,0.2857142857142857
0.6750750380938851,-0.7473500257006049,-0.3632152913158351,-1.9337166818320795,-0.6766324801163213,0.7777777777777778,-0.6666666666666666,-0.3333333333333333,-1.8888888888888888,-0.7142857142857143
-0.4433667046371035,-0.015315327609314257,1.1862015838267812,-0.5691431790580374,-0.023580424342381064,-0.3333333333333333,0.0,1.3333333333333333,-0.5555555555555556,-0.14285714285714285
0.5148702373304745,0.6316199734433975,-1.17344990620753,1.2627218974001946,-1.397557719988839,0.6666666666666666,0.6666666666666666,-1.3333333333333333,1.2222222222222223,-1.5714285714285714
-0.49099072697778695,0.6022824122261274,-0.18901900474050537,-1.0064120910867849,0.636273534976164,-0.4444444444444444,0.6666666666666666,-0.3333333333333333,-1.0,0.7142857142857143
0.2739030513366068,-0.05366154019198333,-0.5533165302238899,-0.3395315606736045,-0.24189117050600112,0.3333333333333333,0.0,-0.6666666666666666,-0.3333333333333333,-0.2857142857142857
-0.054269471420858965,0.4369586693744312,-0.3054501743348654,-0.3752300962121316,-0.1654641017153495,0.0,0.3333333333333333,-0.3333333333333333,-0.3888888888888889,-0.2857142857142857
0.03384298221692816,0.5004410248648704,0.7254803282406505,-0.6153720105465524,-0.0594211867614466,0.1111111111111111,0.6666666666666666,0.6666666666666666,-0.5555555555555556,-0.14285714285714285
1.7147032412617864,-0.07750831082721192,0.1477548329778562,-0.45812716887599814,-0.9209790556502312,1.7777777777777777,0.0,0.0,-0.4444444444444444,-1.0
1.4948386956324038,-0.4200669828482058,0.7803613397892278,-0.34159377196645246,-0.7048591282967175,1.5555555555555556,-0.3333333333333333,1.0,-0.2777777777777778,-0.8571428571428571
-0.8481741149137509,-0.8102790841735135,-0.24851861383724605,1.2206061541074162,0.031225024561270694,-0.7777777777777778,-0.6666666666666666,-0.3333333333333333,1.1666666666666667,0.0
0.13061194836003429,-0.3489910599938548,-0.3909397272672656,-0.8361985699626883,0.3588182222084595,0.2222222222222222,-0.3333333333333333,-0.3333333333333333,-0.7222222222222222,0.2857142857142857
1.4225295524688277,-1.1155538904265143,1.466130342532671,-0.22607755559566833,1.0046319435630702,1.5555555555555556,-1.0,1.6666666666666667,-0.05555555555555555,1.0
-0.20976826525942,-0.3299362219738312,0.34399938316820217,0.2174588207040053,-0.7313950881951384,-0.2222222222222222,-0.3333333333333333,0.3333333333333333,0.2222222222222222,-0.8571428571428571
-0.4817383152023744,-0.4419197338881189,0.007361345693586593,0.05343627291060695,0.16173871493249867,-0.4444444444444444,-0.3333333333333333,0.0,0.05555555555555555,0.14285714285714285
0.4042792678193658,1.479313183893515,1.2573209703014245,0.0,0.7267182179243771,0.4444444444444444,1.3333333333333333,1.3333333333333333,0.0,0.7142857142857143
-0.18525330935995957,-0.38229722470682076,0.02959160247413444,-0.38258300643333487,0.30110425033931715,-0.1111111111111111,-0.3333333333333333,0.0,-0.3333333333333333,0.2857142857142857
-0.4279965997930967,-1.407742684631865,0.6425393742560941,-0.38477268103724954,-0.48703599736408476,-0.3333333333333333,-1.3333333333333333,0.6666666666666666,-0.3888888888888889,-0.5714285714285714
-0.7831582326395384,0.9698953491209071,0.04591402767893755,-0.09096132919880719,-1.1044804282413774,-0.7777777777777778,1.0,0.0,-0.1111111111111111,-1.2857142857142858
0.9035671128010525,-0.0030443741726905523,-0.26954993854257475,-0.8143213838422252,0.4980422384860473,1.0,0.0,-0.3333333333333333,-0.7777777777777778,0.5714285714285714
0.28938213386814005,-1.0709282942779246,-1.150132552846613,-0.26077795237056234,0.3358824961214618,0.3333333333333333,-1.0,-1.3333333333333333,-0.2777777777777778,0.2857142857142857
0.16571680460416566,0.9073248171907478,0.4145741794070564,-0.32628114066968866,-0.8425814693696928,0.2222222222222222,1.0,0.3333333333333333,-0.2777777777777778,-1.0
-0.6271868157093266,0.4112721241270997,-0.9152675942066436,0.09332969855639345,0.47311144567245944,-0.5555555555555556,0.3333333333333333,-1.0,0.1111111111111111,0.42857142857142855
-0.5206738788598355,-0.6377302251108351,-1.1466475921158061,0.2946521045015209,-0.6359215021308899,-0.5555555555555556,-0.6666666666666666,-1.3333333333333333,0.3333333333333333,-0.7142857142857143
0.5925415722182642,0.3197105652851195,-0.8924753814302372,-0.3819372052775255,0.3422271099627703,0.6666666666666666,0.3333333333333333,-1.0,-0.2777777777777778,0.2857142857142857
0.9801941425909922,1.0765609240804532,-0.2504510756178126,-0.13363407679807002,-0.6835784700305967,1.1111111111111112,1.0,-0.3333333333333333,-0.1111111111111111,-0.8571428571428571
-0.9240102191701033,0.7493068280077465,0.36910402055550257,-0.3834376842040772,0.36119933771614804,-0.8888888888888888,0.6666666666666666,0.3333333333333333,-0.2777777777777778,0.2857142857142857
-0.40694509907630444,0.6483330169863842,-0.28355507672366487,0.6517736021021592,-0.4406713141206405,-0.3333333333333333,0.6666666666666666,-0.3333333333333333,0.7222222222222222,-0.5714285714285714
-1.335089127904123,-1.0821947944592554,1.0247771191523845,0.6891461298855034,0.2089300495974811,-1.3333333333333333,-1.0,1.0,0.6666666666666666,0.14285714285714285
-0.6188810670847837,-1.0514173377150486,0.4125441220548972,0.6526660395834453,1.1619466614081027,-0.5555555555555556,-1.0,0.3333333333333333,0.5555555555555556,1.1428571428571428
-0.6389933759342487,-1.1193066336507969,-1.5103720475168874,0.2876024377876383,0.349322320727595,-0.5555555555555556,-1.0,-1.6666666666666667,0.3333333333333333,0.2857142857142857
-1.2332300278099206,-0.7572473432025311,-0.2590252459946745,-0.30238714558415086,-0.05054366932146036,-1.1111111111111112,-0.6666666666666666,-0.3333333333333333,-0.2777777777777778,-0.14285714285714285
0.5601673412935139,1.5378398507007809,0.3078761710166157,-0.5548460443335268,-0.48647104401485614,0.6666666666666666,1.3333333333333333,0.3333333333333333,-0.5555555555555556,-0.5714285714285714
0.0,-0.07831592598060311,-0.5790421671912864,-0.21969117738210198,-0.46748646141686284,0.1111111111111111,0.0,-0.6666666666666666,-0.2222222222222222,-0.5714285714285714
-0.012413537605095159,-0.3732898139176944,-0.2308961878336183,-0.3610397638249925,0.1800506805353276,0.0,-0.3333333333333333,-0.3333333333333333,-0.2777777777777778,0.14285714285714285
0.7034621799118571,0.4475238304363809,1.3475763824273785,0.7056911008263942,-1.1910204989335522,0.7777777777777778,0.3333333333333333,1.3333333333333333,0.7222222222222222,-1.2857142857142858
-0.07421741203239896,0.29233228752753576,0.34874579271047945,-0.389896019601888,-0.12874486170837313,0.0,0.3333333333333333,0.3333333333333333,-0.3888888888888889,-0.2857142857142857
-0.21568462011807954,-0.7918966384931795,-0.6213204993420114,-0.2641486056401096,-0.9880016809006781,-0.1111111111111111,-0.6666666666666666,-0.6666666666666666,-0.2222222222222222,-1.1428571428571428
-0.965459225663292,0.6508451839381764,0.014569525383357764,0.278709864034601,-1.12749269018398,-0.8888888888888888,0.6666666666666666,0.0,0.3333333333333333,-1.1428571428571428
0.7395039093491135,0.2965436304472154,0.405636717329535,0.8110560432473684,-0.5979334035366621,0.8888888888888888,0.3333333333333333,0.3333333333333333,0.8333333333333334,-0.7142857142857143
-0.44168489294874425,-0.024892576432937744,0.07643608757761187,-1.5542765398141172,0.07979352326954794,-0.4444444444444444,0.0,0.0,-1.5555555555555556,0.0
0.7079245972301891,0.04118630519582302,0.3935230577352478,0.8387942100309086,-0.08009934578690925,0.7777777777777778,0.0,0.3333333333333333,0.8333333333333334,-0.14285714285714285
0.8581960688939941,-0.7620624332414893,0.57456214840848,-0.05959894265038321,-1.1781891103115942,0.8888888888888888,-0.6666666666666666,0.6666666666666666,0.0,-1.2857142857142858
-0.7680461447081992,-1.0857420155477286,-0.8855037233926166,0.14312866857770937,-0.4559064420566613,-0.6666666666666666,-1.0,-1.0,0.2222222222222222,-0.5714285714285714
0.5445138429358438,-0.0830739495110267,-0.2363764743964444,-0.5300973067093051,-0.12969875198419592,0.5555555555555556,0.0,-0.3333333333333333,-0.5,-0.2857142857142857
-0.24353486004289268,-0.8036879024377737,-0.5568258030187945,-0.7869795320995424,0.5227715029251303,-0.2222222222222222,-0.6666666666666666,-0.6666666666666666,-0.7777777777777778,0.5714285714285714
-0.0248703571286413,0.05305696602185646,0.41246389224337465,-0.27394864303711935,-0.1365304996989105,0.0,0.0,0.3333333333333333,-0.2777777777777778,-0.2857142857142857
-0.261682865396969,0.824649919714039,0.6062522293294489,-0.30708521783758347,0.8974295986456527,-0.2222222222222222,0.6666666666666666,0.6666666666666666,-0.2222222222222222,0.8571428571428571
0.5299095446548959,1.2454455343596207,0.4224641388371677,-0.3915242856792187,-0.1684698589124879,0.5555555555555556,1.0,0.3333333333333333,-0.3888888888888889,-0.2857142857142857
-0.4948115156181384,-0.3715695481531747,0.01759915588513439,-0.38333781203656553,0.028134387977099995,-0.4444444444444444,-0.3333333333333333,0.0,-0.3888888888888889,0.0
-0.22827386170164637,0.29441480156362226,0.8929963542323303,0.4436519870772405,-0.6429916823014283,-0.2222222222222222,0.3333333333333333,1.0,0.5555555555555556,-0.7142857142857143
0.314280315087214,0.17683629066040418,-0.0764138594047222,-1.045772541332796,-0.3408095118825525,0.4444444444444444,0.3333333333333333,0.0,-1.0555555555555556,-0.42857142857142855
-0.2535725294816205,0.344709417752067,-1.504156494672706,0.5654482326998176,0.4629087508080798,-0.2222222222222222,0.3333333333333333,-1.6666666666666667,0.5,0.42857142857142855
0.9010295815166639,0.6605841212026479,-0.8694327543936242,-0.3978594324501774,1.4649858087762082,1.0,0.6666666666666666,-1.0,-0.3888888888888889,1.4285714285714286
-0.24317417738913907,0.3436776718187799,-0.27577903667961123,-0.09079053613413303,-0.4458850585483247,-0.2222222222222222,0.3333333333333333,-0.3333333333333333,-0.05555555555555555,-0.5714285714285714
0.15788960457201362,0.8012232909097603,1.8085563878385498,0.19072293783242514,0.7059314325378151,0.2222222222222222,0.6666666666666666,2.0,0.16666666666666666,0.7142857142857143
0.5702548622275992,0.0014601582727210994,0.985008486646946,0.21888067134822262,0.7974800288750372,0.6666666666666666,0.0,1.0,0.16666666666666666,0.7142857142857143
-0.45915545898993104,-1.0767064850297592,0.2770977924993111,0.9512354387901809,-1.3013598512155804,-0.4444444444444444,-1.0,0.3333333333333333,0.8888888888888888,-1.4285714285714286
-0.8556546731525992,0.7606452816128815,-1.2402264634039182,-0.1868714473569082,-1.5837668894336072,-0.7777777777777778,0.6666666666666666,-1.3333333333333333,-0.16666666666666666,-1.7142857142857142
-0.6421584950361692,-0.7794197493953224,1.570740986562722,0.20451255095860718,1.6022192509979747,-0.5555555555555556,-0.6666666666666666,1.6666666666666667,0.16666666666666666,1.7142857142857142
-0.41322149251254997,0.201847135364653,-0.23749726055134904,-0.005550288842355355,1.5395458519571925,-0.3333333333333333,0.3333333333333333,-0.3333333333333333,-0.05555555555555555,1.5714285714285714
0.5656428904231932,-0.4110541962285654,-0.09878061105941922,0.14858426668796199,0.23524522681810003,0.6666666666666666,-0.3333333333333333,0.0,0.2777777777777778,0.2857142857142857
-1.3910337126212005,2.350929253656909,-0.5480963827469092,0.13107218082795039,-0.13077715342133694,-1.3333333333333333,2.3333333333333335,-0.6666666666666666,0.2222222222222222,-0.14285714285714285
-1.021119643975305,-1.110579593099253,-0.2964630461835439,0.11774630617088856,-0.04259244432257181,-1.0,-1.0,-0.3333333333333333,0.1111111111111111,0.0
-0.11193992263614698,1.5307731147272536,1.7286263093348946,0.07914053199222307,0.6122239474434545,-0.1111111111111111,1.3333333333333333,1.6666666666666667,0.16666666666666666,0.5714285714285714
-0.5481376730841985,-0.05078133561268545,0.008214351828215461,0.7546187477157137,0.9362128999660326,-0.4444444444444444,0.0,0.0,0.7777777777777778,0.8571428571428571
-0.13708864948434604,0.3852406986760159,0.7423153906827137,0.869460794571823,0.6043924200300597,0.0,0.3333333333333333,0.6666666666666666,0.8333333333333334,0.5714285714285714
-0.07955126440524635,-0.7536492584868855,0.39934301856503945,1.784299046026495,0.15017811032812184,0.0,-0.6666666666666666,0.3333333333333333,1.8888888888888888,0.14285714285714285
-0.6127057936068228,-1.436261879034716,0.3066004822818884,-0.0923293576827124,1.036513058509175,-0.5555555555555556,-1.3333333333333333,0.3333333333333333,-0.1111111111111111,1.0
-1.0466080565941998,0.3352318285556676,-0.3264002272830678,-0.4896478482761719,-0.7771540631473758,-1.0,0.3333333333333333,-0.3333333333333333,-0.3888888888888889,-0.8571428571428571
-0.8015601328188108,-0.04305626716388963,-0.28418302260778855,0.34822853523994535,-0.6067762632307147,-0.7777777777777778,0.0,-0.3333333333333333,0.2777777777777778,-0.7142857142857143
-0.029933053435006084,-0.36026293600569975,-0.32993728529408417,1.3637078792209978,-1.3684023725794332,0.0,-0.3333333333333333,-0.3333333333333333,1.2777777777777777,-1.4285714285714286
-0.2680131036008106,-0.3826826304021409,-0.5224759822855356,-0.676844365937062,0.3076330636821645,-0.2222222222222222,-0.3333333333333333,-0.6666666666666666,-0.6666666666666666,0.2857142857142857
1.277944629287148,1.2092835630673835,1.25826288912761,0.7640450093158959,0.24457136952489877,1.3333333333333333,1.0,1.3333333333333333,0.7777777777777778,0.14285714285714285
-0.9065882164719389,0.43215102279310796,-0.5759659964525226,-0.6570721379515723,1.029958091404351,-0.8888888888888888,0.3333333333333333,-0.6666666666666666,-0.6111111111111112,1.0
0.5763609619251799,-0.2875498659970862,0.10962101312538866,0.08480630207625948,0.1913900211043213,0.6666666666666666,-0.3333333333333333,0.0,0.05555555555555555,0.14285714285714285
1.4044008693997756,0.7178127317034643,-1.1759144548766354,-0.1427709552306493,0.14824674325493697,1.5555555555555556,0.6666666666666666,-1.3333333333333333,-0.1111111111111111,0.14285714285714285
0.02137997956217532,-0.7347693417212829,0.6449424481345528,-1.0286030778892157,0.29905864106657315,0.1111111111111111,-0.6666666666666666,0.6666666666666666,-1.0,0.2857142857142857
0.05411450669497885,0.31087724869956596,-0.9268651434116566,-0.9396974831889947,1.2050247955313331,0.1111111111111111,0.3333333333333333,-1.0,-0.8888888888888888,1.2857142857142858
0.45032736459361333,-1.1832546187688437,-0.31696263131553637,0.13041672924869094,0.22811279106690227,0.5555555555555556,-1.0,-0.3333333333333333,0.16666666666666666,0.14285714285714285
-0.47428390645592305,0.7011393866011976,-0.5537725550833229,-0.1366983129311083,-1.0056280328536178,-0.4444444444444444,0.6666666666666666,-0.6666666666666666,-0.1111111111111111,-1.0
0.7933204664090451,-0.7075759098283,0.3211602828396073,-0.6830235515022047,0.6049231969909381,0.8888888888888888,-0.6666666666666666,0.3333333333333333,-0.6111111111111112,0.5714285714285714
0.7974321198466018,1.0925130808429804,0.34969813099270664,-0.6245394594480459,0.46386023429598977,0.8888888888888888,1.0,0.3333333333333333,-0.7222222222222222,0.42857142857142855
-1.1484522141213183,-0.3152130627719187,-1.1510289733814159,0.2889626941184291,-1.0188753144267841,-1.1111111111111112,-0.3333333333333333,-1.3333333333333333,0.2777777777777778,-1.1428571428571428
1.0608056851830412,0.03125755976166039,0.7184305242827157,0.4403609983771087,1.5929982046966704,1.1111111111111112,0.0,0.6666666666666666,0.3888888888888889,1.5714285714285714
0.4891721135114687,-1.1730273079784355,0.25612169091100406,0.2840150062141597,-0.9281169467873635,0.5555555555555556,-1.0,0.3333333333333333,0.3333333333333333,-1.0
0.8825613414921467,1.3979049147910187,-0.22270823196070857,-0.7291648167323068,0.9399299432174555,1.0,1.3333333333333333,-0.3333333333333333,-0.7222222222222222,0.8571428571428571
-0.6225041243417381,0.278828614801481,0.3353880500647915,0.8032474905498705,0.8522540290833046,-0.5555555555555556,0.3333333333333333,0.3333333333333333,0.8888888888888888,0.8571428571428571
0.13717353872321192,0.05961961450332928,0.4756929719727051,-0.24972141688682972,1.0781811358209792,0.2222222222222222,0.0,0.3333333333333333,-0.16666666666666666,1.0
-0.059056631942802786,0.3214709430157833,-1.2032995638763018,0.8214123725034946,0.6175399001311382,0.0,0.3333333333333333,-1.3333333333333333,0.7777777777777778,0.5714285714285714
-0.44688722496820493,-0.763998145751998,-0.5836479140769977,0.07796337463520336,0.84857645715364,-0.3333333333333333,-0.6666666666666666,-0.6666666666666666,0.0,0.8571428571428571
-0.39643326076312463,0.38626334704997156,0.439455145804658,0.31251316003633955,0.25171920871873377,-0.3333333333333333,0.3333333333333333,0.3333333333333333,0.3333333333333333,0.2857142857142857
0.5271623021703954,1.3694502303543374,-1.2205892619169925,0.5286713756847015,0.5564517720617815,0.6666666666666666,1.3333333333333333,-1.3333333333333333,0.6111111111111112,0.5714285714285714
0.8342817784282665,-0.8053709509141185,-1.1466475921158061,-0.8904383539693714,-0.17994542367730534,0.8888888888888888,-0.6666666666666666,-1.3333333333333333,-0.8888888888888888,-0.2857142857142857
-0.5057257727207204,-1.1231639988073925,0.6367979066618181,-0.09630585028747646,-0.31789304009885133,-0.4444444444444444,-1.0,0.6666666666666666,-0.05555555555555555,-0.2857142857142857
-0.009177827755225434,-0.7402832897270772,-1.2070936351363508,0.3332106628500218,1.9474201881049171,0.1111111111111111,-0.6666666666666666,-1.3333333333333333,0.2777777777777778,2.0
0.7932011835028395,-0.3172806898927356,-0.6587541317484648,0.9048961131915637,-0.2720371518200208,0.8888888888888888,-0.3333333333333333,-0.6666666666666666,0.8888888888888888,-0.2857142857142857
-0.6129205286010393,-0.3533889028798323,0.6985432558507847,0.48652519145889556,0.9188999117992458,-0.5555555555555556,-0.3333333333333333,0.6666666666666666,0.5,0.8571428571428571
0.9154295788373061,1.0713372709224225,-0.3204493286223501,-0.9544704032199508,1.0110816538098735,1.0,1.0,-0.3333333333333333,-1.0,1.0
1.363432086097009,0.013559498658316894,-0.560332644607289,0.0224090604652139,-0.3986666074061996,1.5555555555555556,0.0,-0.6666666666666666,0.05555555555555555,-0.42857142857142855
0.04227174938944825,0.31054890951278025,-0.919186351623994,0.5890484403976566,-0.6251610742810162,0.1111111111111111,0.3333333333333333,-1.0,0.5555555555555556,-0.7142857142857143
-0.8496374559661224,0.01854744232457551,-1.7933721145487214,3.7736855880381843,-1.2323445660264554,-0.7777777777777778,0.0,-2.0,3.5555555555555554,-1.2857142857142858
0.5553662687263538,-0.7328691923972522,0.6491331533545963,0.35558617352096045,-0.32024719958192477,0.5555555555555556,-0.6666666666666666,0.6666666666666666,0.2777777777777778,-0.42857142857142855
-0.20859681952612222,-0.08093933127149565,0.0657106468433042,0.23816111634543996,-0.04560076876014955,-0.1111111111111111,0.0,0.0,0.2222222222222222,-0.14285714285714285
-0.8251580530711033,0.6557223027907592,-0.26834857526094674,1.0407582719835193,0.2655539069949763,-0.7777777777777778,0.6666666666666666,-0.3333333333333333,1.0555555555555556,0.14285714285714285
-0.7809517565052011,0.5771375852844497,1.8817686957168045,-0.8740023227079575,0.8855466449135828,-0.7777777777777778,0.6666666666666666,2.0,-0.8888888888888888,0.8571428571428571
-0.5080957153863482,0.013060786996775214,0.6678009981144255,-0.640550224398252,-0.35385654870143335,-0.4444444444444444,0.0,0.6666666666666666,-0.7222222222222222,-0.42857142857142855
0.4820414174467612,-0.7329134396176379,0.6432676942334213,0.6911718120587141,0.6925426318354181,0.5555555555555556,-0.6666666666666666,0.6666666666666666,0.6666666666666666,0.7142857142857143
-0.08364346674254718,-0.7402435912863575,0.03374792348923963,1.0098686266482384,-0.9255694420086856,0.0,-0.6666666666666666,0.0,0.8888888888888888,-1.0
1.2789517067825222,1.3935198911931903,-0.8218470986503681,1.0276263125466438,-0.7456910874878636,1.4444444444444444,1.3333333333333333,-1.0,1.0555555555555556,-0.8571428571428571
0.27269476444653196,-0.02595781792558272,0.9792062388924259,0.08393174054713498,1.0597621483823263,0.3333333333333333,0.0,1.0,0.16666666666666666,1.1428571428571428
0.17446026739208564,2.792610383375286,0.7012790576921807,0.42849602943366155,0.8976808673036745,0.2222222222222222,2.6666666666666665,0.6666666666666666,0.5,0.8571428571428571
0.17303969299723068,0.341872219816883,-0.8694327543936242,1.054836750133762,0.1603835328854679,0.2222222222222222,0.3333333333333333,-1.0,0.9444444444444444,0.14285714285714285
0.12514477222053136,0.007771796821726194,-0.61913310820362,1.1601826507796078,0.1661270915588653,0.2222222222222222,0.0,-0.6666666666666666,1.1111111111111112,0.0
0.05426444762675344,-0.038681581701665434,0.42218802325205795,-0.6160041456664705,-0.17735780576675972,0.1111111111111111,0.0,0.3333333333333333,-0.6666666666666666,-0.14285714285714285
0.40602729053773534,0.7829988119414564,-0.7782388965934979,0.10769548730007514,-0.9187492468759489,0.5555555555555556,0.6666666666666666,-1.0,0.05555555555555555,-1.0
1.2483985368135264,-0.6799027884432876,0.6190560042289097,0.44495829171183343,-0.15961368165865517,1.3333333333333333,-0.6666666666666666,0.6666666666666666,0.4444444444444444,-0.2857142857142857
-0.08504523411331391,-0.39500072573711925,0.6674446527177934,0.645461512718772,-0.057028839576835404,0.0,-0.3333333333333333,0.6666666666666666,0.6111111111111112,-0.14285714285714285
0.23143434345516273,-0.7792981729206183,-0.3242534720232396,0.22182366189268604,1.6880414570822388,0.3333333333333333,-0.6666666666666666,-0.3333333333333333,0.2222222222222222,1.7142857142857142
-0.47031343451426383,1.0813772546956848,-0.21555492807275856,1.1547066507674306,0.3299934070056462,-0.4444444444444444,1.0,-0.3333333333333333,1.2222222222222223,0.2857142857142857
-0.07561673191372836,-0.7479885089555132,0.39836671553391534,-0.34986139984120207,0.013528394401298298,0.0,-0.6666666666666666,0.3333333333333333,-0.3333333333333333,0.0
0.03311221339737704,-0.39145433169949434,-1.2015334660772035,0.42661704665047057,-0.7961150592238303,0.1111111111111111,-0.3333333333333333,-1.3333333333333333,0.5,-0.8571428571428571
0.44215326513769,-0.3447458079893937,1.1254700477106887,-0.2544641142527234,-0.8246542689277423,0.5555555555555556,-0.3333333333333333,1.3333333333333333,-0.2222222222222222,-0.8571428571428571
-0.4195523747925592,0.7828623485514825,0.37921610264414535,-0.03861393493943734,0.9783687529613522,-0.3333333333333333,0.6666666666666666,0.3333333333333333,-0.05555555555555555,1.0
-0.5531220497286053,-0.052394084766922484,1.2471613060301903,0.2526206243020849,-0.378480395829967,-0.5555555555555556,0.0,1.3333333333333333,0.2777777777777778,-0.42857142857142855
-0.22374909781030844,0.36161226946474484,-1.1524022576877353,-0.18216560295036122,0.45885716403687654,-0.1111111111111111,0.3333333333333333,-1.3333333333333333,-0.16666666666666666,0.42857142857142855
0.25891836167118226,-0.3417589138506618,-1.5206952972479788,1.4163637631910462,-0.2051969610933105,0.3333333333333333,-0.3333333333333333,-1.6666666666666667,1.4444444444444444,-0.2857142857142857
-0.18630457048041735,0.21256902256236093,-0.5698084452469743,0.20366007529791463,-0.369759640509321,-0.1111111111111111,0.3333333333333333,-0.6666666666666666,0.2222222222222222,-0.42857142857142855
1.5766504097548173,1.1105167372347804,0.38957234731936907,-0.3567337319282055,-0.2554911267345521,1.6666666666666667,1.0,0.3333333333333333,-0.3888888888888889,-0.2857142857142857
-0.3791611989967353,0.7401914870829134,0.6504783051296024,-0.30907462996293333,-0.2121214503689042,-0.3333333333333333,0.6666666666666666,0.6666666666666666,-0.2777777777777778,-0.2857142857142857
0.5582293161057559,1.096023911694127,-0.5582709815718029,-0.27152049286849894,-0.08391410462756281,0.6666666666666666,1.0,-0.6666666666666666,-0.2777777777777778,-0.14285714285714285
-0.3429785456940478,1.0086960261447322,0.6303673657079722,0.3594594260251971,0.47339608845619485,-0.3333333333333333,1.0,0.6666666666666666,0.3333333333333333,0.42857142857142855
-0.8359905125004226,-0.3917810167845833,0.9657054023837631,0.7877803229420283,-0.07137024693483524,-0.7777777777777778,-0.3333333333333333,1.0,0.7777777777777778,-0.14285714285714285
0.15590868391150556,-0.4001569742510124,0.8774842153923842,0.01761312385049017,0.12187075452640622,0.2222222222222222,-0.3333333333333333,1.0,0.0,0.0
0.6568296484232955,-0.024634536568260097,-1.158759167818885,-0.01773151964958981,0.6770923370600576,0.7777777777777778,0.0,-1.3333333333333333,0.05555555555555555,0.5714285714285714
0.17918843053709382,0.6758415552525793,-0.24388403978981876,-0.21672098430174103,0.437130287291855,0.2222222222222222,0.6666666666666666,-0.3333333333333333,-0.2222222222222222,0.42857142857142855
-0.1051981197613257,0.32740875458134494,0.027007577375748767,0.5442524053356598,0.42526049066703936,-0.1111111111111111,0.3333333333333333,0.0,0.5555555555555556,0.42857142857142855
-0.3926294757335931,0.28131555670239966,0.3150433675126223,0.5121179201433284,0.10039161648380171,-0.3333333333333333,0.3333333333333333,0.3333333333333333,0.5,0.0
0.700954147315935,0.720269899773843,0.08031490374680147,0.30401852052272565,-0.3422851937777151,0.7777777777777778,0.6666666666666666,0.0,0.3888888888888889,-0.42857142857142855
-0.17765887845471154,-0.31221789812470346,0.08521065882567799,-0.6340976533473333,-0.005402597052518878,-0.1111111111111111,-0.3333333333333333,0.0,-0.6666666666666666,-0.14285714285714285
-0.5075990038460354,-0.4483248291829853,0.6504765685535954,-0.7609566147402637,-0.17485426498060994,-0.4444444444444444,-0.3333333333333333,0.6666666666666666,-0.7777777777777778,-0.2857142857142857
0.38726200258480675,0.03171243772824013,-0.6204900686954739,0.6919864632409214,1.1984860341317831,0.4444444444444444,0.0,-0.6666666666666666,0.7222222222222222,1.1428571428571428
-0.90297572206413,-0.3699671371345417,-0.2790302542798786,1.341203545112199,-0.6476818701319704,-0.8888888888888888,-0.3333333333333333,-0.3333333333333333,1.3888888888888888,-0.7142857142857143
1.2652442201570868,-0.3730292929004712,-1.2048551886633543,0.07644359486175153,-1.3088637345678766,1.3333333333333333,-0.3333333333333333,-1.3333333333333333,0.16666666666666666,-1.4285714285714286
-0.0597277593092511,-0.38645811752475256,-0.5566910447206529,0.19509049927469618,0.13340985849210243,0.0,-0.3333333333333333,-0.6666666666666666,0.16666666666666666,0.0
0.9831405334264588,-0.10257828966711593,-0.25687189174601954,-0.21789678153196557,-0.5457521557198196,1.1111111111111112,0.0,-0.3333333333333333,-0.16666666666666666,-0.5714285714285714
0.6087662373211996,0.3992960143179045,0.9889234235970809,0.9952720049570786,0.09116511479656307,0.6666666666666666,0.3333333333333333,1.0,0.9444444444444444,0.0
0.17908177152376975,-0.7132428622410348,0.9308766339877791,-0.21540146700685403,-0.29422083691075585,0.2222222222222222,-0.6666666666666666,1.0,-0.16666666666666666,-0.42857142857142855
0.18368446863136517,0.3814858878246125,1.5515750918040907,0.8935347797698879,0.16956767510545365,0.2222222222222222,0.3333333333333333,1.6666666666666667,0.7777777777777778,0.14285714285714285
-0.4481533498981133,-0.3661242453677916,-0.5705193994642316,-0.2104193873250566,0.8646831632188896,-0.4444444444444444,-0.3333333333333333,-0.6666666666666666,-0.2222222222222222,0.8571428571428571
0.4260759646618595,0.7448366181725404,0.385693183834978,0.024839930887423735,0.30998385366216097,0.4444444444444444,0.6666666666666666,0.3333333333333333,0.16666666666666666,0.2857142857142857
-0.9372038618291736,-0.029989277285750734,0.02404775722945261,0.32741587502429526,-0.33794655743486474,-0.8888888888888888,0.0,0.0,0.3333333333333333,-0.42857142857142855
0.01840550700580985,0.36957304740531405,1.5545488045584424,0.20953174267152294,-0.16669397033842442,0.1111111111111111,0.3333333333333333,1.6666666666666667,0.16666666666666666,-0.2857142857142857
-0.9020768493648827,-0.692952823779035,0.3794512350354903,-1.082693312716402,-0.9891317480516653,-0.8888888888888888,-0.6666666666666666,0.3333333333333333,-1.0555555555555556,-1.1428571428571428
0.7727460973170752,0.48876926976785945,-0.4999230696828909,0.9421332112068985,-0.12075464674530864,0.7777777777777778,0.3333333333333333,-0.6666666666666666,0.8333333333333334,-0.2857142857142857
-0.18060501165971082,0.40943483066754177,0.46899777683539556,-0.8615875386996555,1.0255899317964443,-0.1111111111111111,0.3333333333333333,0.3333333333333333,-0.7777777777777778,1.0
-0.173794292634976,0.45723878322625094,1.649844802202256,0.40416510980724546,0.05534328577573935,-0.1111111111111111,0.3333333333333333,1.6666666666666667,0.3888888888888889,0.0
-0.376697350025898,-0.32915631302385917,1.045897703864472,0.943600917554489,0.35585787307659567,-0.3333333333333333,-0.3333333333333333,1.0,1.0,0.2857142857142857
0.057782520468418905,-0.2950326085473224,0.7063891062503195,-0.7520363850757298,0.6330238899372684,0.1111111111111111,-0.3333333333333333,0.6666666666666666,-0.6666666666666666,0.5714285714285714
0.0048947212419027395,1.1062433655014763,0.9969780104326541,-0.08622653352191094,-0.08792622007700722,0.1111111111111111,1.0,1.0,-0.05555555555555555,-0.14285714285714285
0.21033247598207794,0.2531470318592395,-0.6382628821813063,0.532272149454359,0.20471335717550956,0.3333333333333333,0.3333333333333333,-0.6666666666666666,0.6111111111111112,0.14285714285714285
0.29226360182593053,-0.752212671163342,-1.2285299293665075,-1.792977561729192,-0.04535816453861118,0.3333333333333333,-0.6666666666666666,-1.3333333333333333,-1.6666666666666667,-0.14285714285714285
-0.7528885849994402,-0.11266210713533983,-0.4999230696828909,0.5004102725324916,-0.8461330860652916,-0.6666666666666666,0.0,-0.6666666666666666,0.5,-1.0
0.9501666675898424,0.3698166138801465,-0.5381402451836934,0.056971436754394984,-0.17646376428368463,1.0,0.3333333333333333,-0.6666666666666666,0.1111111111111111,-0.2857142857142857
0.10278283413351218,0.37048445744017006,0.3501864561658691,0.13901655190111042,-0.22545441359174104,0.2222222222222222,0.3333333333333333,0.3333333333333333,0.2222222222222222,-0.2857142857142857
0.292885135327488,0.4864014231891,0.9868912823537134,1.0145439653538129,0.8391980069228852,0.3333333333333333,0.3333333333333333,1.0,0.9444444444444444,0.8571428571428571
0.8099250076355233,-1.4703318252061113,-1.5279708560868206,0.2213937970575533,-0.5542112129681585,0.8888888888888888,-1.3333333333333333,-1.6666666666666667,0.2222222222222222,-0.5714285714285714
0.5730352102271052,1.0960880081348727,0.6485371604690009,-0.08037883028707027,0.3801136421071081,0.6666666666666666,1.0,0.6666666666666666,-0.05555555555555555,0.42857142857142855
0.5693074261853288,-1.8212681087952307,-0.8834219160754495,0.06646803634025582,-0.02528330701644427,0.6666666666666666,-1.6666666666666667,-1.0,0.1111111111111111,0.0
0.35792330263709266,-0.30215517045311174,0.14234227287930187,-0.2581380110295922,0.04891218802212275,0.3333333333333333,-0.3333333333333333,0.0,-0.3333333333333333,0.0
1.204175365452038,-0.4359496673394724,-0.5476605021691573,0.5531607824666956,-0.028396567406989013,1.3333333333333333,-0.3333333333333333,-0.6666666666666666,0.5555555555555556,-0.14285714285714285
0.47967469516197053,-1.5101394366377734,-0.5439928536424162,-0.1923201152973011,-0.6457949484088966,0.5555555555555556,-1.3333333333333333,-0.6666666666666666,-0.2222222222222222,-0.7142857142857143
-1.0122593457706157,-0.8466453370252882,0.33432908601573536,0.4147709899462661,1.5657284953901187,-1.0,-0.6666666666666666,0.3333333333333333,0.3888888888888889,1.5714285714285714
0.6329471753202389,1.466903699439797,0.02778417416607003,-0.7336624969712888,0.8914946201069802,0.6666666666666666,1.3333333333333333,0.0,-0.7777777777777778,0.8571428571428571
1.056273321192927,0.41960011264432623,-0.892879656324662,-0.9847319290477549,-0.8582161240991193,1.1111111111111112,0.3333333333333333,-1.0,-0.8888888888888888,-1.0
-0.5591418432197522,0.41738154874368927,-0.7993323907198769,0.1851021814685054,-0.1330316718848503,-0.4444444444444444,0.3333333333333333,-1.0,0.2777777777777778,-0.14285714285714285
-1.326430039094135,0.35619177820481185,0.07867731257221966,0.03528317872253839,-0.442871278724813,-1.3333333333333333,0.3333333333333333,0.0,0.05555555555555555,-0.5714285714285714
-0.5110691574208457,-0.748739884651218,0.656312505882651,-0.04204126015877103,1.1985518196680465,-0.4444444444444444,-0.6666666666666666,0.6666666666666666,-0.05555555555555555,1.1428571428571428
-0.251453390075585,1.7313747115143259,1.2001824099437726,1.123847899740778,0.5163447373897554,-0.2222222222222222,1.6666666666666667,1.3333333333333333,1.0,0.42857142857142855
0.5816525629014448,-0.4528066177300679,-1.2380230957662626,0.3872474641245498,-0.09691188252050979,0.6666666666666666,-0.3333333333333333,-1.3333333333333333,0.3888888888888889,-0.14285714285714285
0.38015127288128914,0.0,0.025364776473145903,1.2246353030495256,1.046076670956633,0.4444444444444444,0.0,0.0,1.2777777777777777,1.0
-0.6540535513264938,-1.0700185383447651,-0.16053012803080288,0.8578015286141195,0.8846266101210567,-0.6666666666666666,-1.0,-0.3333333333333333,0.8333333333333334,1.0
-0.2297343688188815,-0.3653153896381279,-0.5909866842824938,-0.7911984511135127,-1.444031510950965,-0.1111111111111111,-0.3333333333333333,-0.6666666666666666,-0.7777777777777778,-1.5714285714285714
0.8948085786308154,1.169026449499655,-0.21441365032097148,-0.17825387828821204,0.27210775093210937,0.8888888888888888,1.0,-0.3333333333333333,-0.16666666666666666,0.14285714285714285
0.48142349077174135,-0.6662494195136857,1.5458416124594467,0.038710374405988096,0.5339665966719264,0.5555555555555556,-0.6666666666666666,1.6666666666666667,0.0,0.42857142857142855
0.7228012109147212,-1.0345930558329621,-0.49490922743553933,-0.38775654015350175,-0.011858564947893587,0.8888888888888888,-1.0,-0.6666666666666666,-0.4444444444444444,0.0
0.38361459924872415,1.4507749673211527,-0.6089401016730521,-0.34121377844713313,1.4248020777960506,0.4444444444444444,1.3333333333333333,-0.6666666666666666,-0.3888888888888889,1.4285714285714286
0.909798163275112,1.4220610024435225,0.9757879626802871,0.6150378727306044,1.683762669532135,1.0,1.3333333333333333,1.0,0.6666666666666666,1.7142857142857142
1.398136326965009,1.11245162269444,1.0375979124967134,0.08096789472514895,0.6981424250442008,1.5555555555555556,1.0,1.0,0.1111111111111111,0.5714285714285714
0.8422461666840784,-0.3699774752701458,-0.08944686233710492,-0.16472605718607797,0.2790649725233074,0.8888888888888888,-0.3333333333333333,0.0,-0.16666666666666666,0.14285714285714285
1.0711295820705682,1.095973461592379,-0.8530429500397504,-0.7906825744505879,0.3245652980012593,1.2222222222222223,1.0,-1.0,-0.7777777777777778,0.2857142857142857
1.0364815046443692,-0.05386085944643002,0.41182726347921544,-0.007527848434206269,1.578319205220869,1.1111111111111112,0.0,0.3333333333333333,0.05555555555555555,1.5714285714285714
0.7014418417899033,-0.38134404860412413,0.32787979004101425,-0.028997385123853445,1.513458998683167,0.8888888888888888,-0.3333333333333333,0.3333333333333333,0.0,1.5714285714285714
0.5689350213453289,-0.7624482524622336,-1.4700098533322636,0.9428047900038706,-0.8270090702209252,0.6666666666666666,-0.6666666666666666,-1.6666666666666667,0.9444444444444444,-0.8571428571428571
0.6347701685044951,-0.09737283162774747,0.2963501687430905,-0.06188771220649741,1.229689397601845,0.7777777777777778,0.0,0.3333333333333333,0.05555555555555555,1.1428571428571428
0.7925278662774216,-0.07851152350623254,-0.22095567945446531,-1.00260626201081,0.8350241553257489,0.8888888888888888,0.0,-0.3333333333333333,-0.8888888888888888,0.8571428571428571
-0.07128441798121522,0.3677568437423885,0.2880805937978534,-0.8116933598026964,0.6204368705146504,0.0,0.3333333333333333,0.3333333333333333,-0.7777777777777778,0.5714285714285714
-0.4347165040782257,-0.07285325512740506,0.11184105189271143,-0.15183684799812372,1.3905762700659927,-0.3333333333333333,0.0,0.0,-0.05555555555555555,1.4285714285714286
-0.7880508928377052,0.0015862835270909258,-0.5495533700167651,1.5680309191795192,0.683986821713014,-0.7777777777777778,0.0,-0.6666666666666666,1.5555555555555556,0.5714285714285714
0.5954504778207864,-0.09542264572739334,0.37278556169029947,-1.1145011084061855,0.4855508487698029,0.7777777777777778,0.0,0.3333333333333333,-1.1666666666666667,0.42857142857142855
-0.051339053674344805,0.30175777252049135,0.11779750759665161,-0.251118202337255,0.9202364813530911,0.0,0.3333333333333333,0.0,-0.2222222222222222,0.8571428571428571
-0.3900453133346822,0.6596094417778942,0.33474760083341737,0.3293328118218592,0.2670559031046446,-0.3333333333333333,0.6666666666666666,0.3333333333333333,0.2777777777777778,0.14285714285714285
1.0601823482682144,-0.04710922984611458,1.4045100268162065,0.10422722874100747,0.49211881252935324,1.2222222222222223,0.0,1.6666666666666667,0.1111111111111111,0.5714285714285714
-0.2520723472724724,0.2839414431458368,0.2335983001004781,0.1996172603199132,0.28580462048725286,-0.2222222222222222,0.3333333333333333,0.3333333333333333,0.2777777777777778,0.2857142857142857
-0.2520042040139597,-0.7034563695527847,0.007827095378658546,-0.6422818601119951,0.02752081751204574,-0.2222222222222222,-0.6666666666666666,0.0,-0.6111111111111112,0.0
-0.5320804677847915,0.549314354170466,-0.31193177062331645,0.9323503373146824,-0.5831416059340481,-0.4444444444444444,0.6666666666666666,-0.3333333333333333,0.8888888888888888,-0.7142857142857143
-0.34584262359531803,1.1492280927669856,-0.6086705850767691,1.1584865078984181,0.2884227243780182,-0.3333333333333333,1.0,-0.6666666666666666,1.1111111111111112,0.2857142857142857
-0.5029087123796718,0.738214008504564,0.2768890560632723,0.4026161196916755,0.26308823300530954,-0.4444444444444444,0.6666666666666666,0.3333333333333333,0.3888888888888889,0.14285714285714285
0.01962525845166506,0.35842026671562827,0.7037001919611111,1.2411479547870523,-0.46008189817907225,0.1111111111111111,0.3333333333333333,0.6666666666666666,1.2222222222222223,-0.5714285714285714
1.0615472744822048,-1.0915627994182524,-0.2287605466602345,0.37427198403703354,0.43471050272504574,1.2222222222222223,-1.0,-0.3333333333333333,0.3888888888888889,0.42857142857142855
0.020202737143370317,-0.705935867996068,0.6478331525557708,-0.8199013364022977,-0.354254631422092,0.1111111111111111,-0.6666666666666666,0.6666666666666666,-0.6666666666666666,-0.42857142857142855
1.1665118522252256,2.1784862571028163,1.1045321507945356,0.8358652093620487,1.9615459472659942,1.2222222222222223,2.0,1.0,0.8888888888888888,2.0
0.8149404287511995,-1.1731182835717513,0.9777266761344787,-0.13344119786496392,0.3285597636726818,0.8888888888888888,-1.0,1.0,-0.1111111111111111,0.2857142857142857
-0.36248683991370917,-0.3676939878779157,0.10080233284674464,0.23613938501672604,0.0499058705247591,-0.3333333333333333,-0.3333333333333333,0.0,0.2777777777777778,0.0
0.6649265875543626,-0.3103169217498245,1.4344770770230497,0.49704758571988605,0.47032470617532124,0.6666666666666666,-0.3333333333333333,1.6666666666666667,0.5555555555555556,0.2857142857142857
0.106247963914216,0.027693384130796552,1.2203225238423199,0.680554014618254,0.1462791139105454,0.1111111111111111,0.0,1.3333333333333333,0.7777777777777778,0.0
1.0593505883056125,-0.0019812003071666808,-0.25652214533821405,0.5745349807448137,0.09560804528227049,1.1111111111111112,0.0,-0.3333333333333333,0.5555555555555556,0.0
0.6427850523318327,-0.003353691189964646,-0.012705484697465923,-0.044326597013926126,0.289662059700214,0.7777777777777778,0.0,0.0,0.0,0.2857142857142857
-0.4208610087495169,0.7340584915171461,0.9382713219407001,0.5048406588790985,-0.39195600134972625,-0.3333333333333333,0.6666666666666666,1.0,0.5,-0.42857142857142855
-0.3294068303247031,0.2978466490587541,-0.8578945960880501,-0.8295959963566736,-0.12760452559562743,-0.2222222222222222,0.3333333333333333,-1.0,-0.7222222222222222,-0.14285714285714285
-0.2421756016991757,1.0846457596482724,-0.2566002912585279,-1.1129617687140656,0.8117105635365544,-0.2222222222222222,1.0,-0.3333333333333333,-1.0555555555555556,0.8571428571428571
-0.3011360086625668,-0.8157537472640123,0.9017962794900997,-0.9725535480299956,0.8472073157367191,-0.2222222222222222,-0.6666666666666666,1.0,-0.9444444444444444,0.8571428571428571
0.3611247476348558,0.2695797051646432,1.2952203523929484,1.7605919712233429,0.8637498108665839,0.4444444444444444,0.3333333333333333,1.3333333333333333,1.7777777777777777,0.8571428571428571
0.2858090569217773,0.4060087725283483,0.29468791818920953,0.8998685664140514,0.8062113740624965,0.3333333333333333,0.3333333333333333,0.3333333333333333,0.8888888888888888,0.7142857142857143
1.1362566318912772,-0.03297699847533107,1.9930766187753735,1.2320053767755235,0.5130384526086614,1.2222222222222223,0.0,2.0,1.1666666666666667,0.42857142857142855
1.289516101710963,0.3192883558270488,-0.20898025131033357,0.6061018396880729,0.6913503091037722,1.4444444444444444,0.3333333333333333,-0.3333333333333333,0.6111111111111112,0.7142857142857143
-0.2321161624859897,2.439044491613911,0.3021524164976103,0.07788189656339285,0.5796302628228447,-0.2222222222222222,2.3333333333333335,0.3333333333333333,0.1111111111111111,0.5714285714285714
0.40729302902194336,-0.3873087393222565,0.7670008186219296,0.23317644594593803,1.445429854727887,0.4444444444444444,-0.3333333333333333,0.6666666666666666,0.2222222222222222,1.4285714285714286
-0.35410715134514636,1.459028107736606,0.9516929705834446,0.725337614235267,1.7054779936951792,-0.3333333333333333,1.3333333333333333,1.0,0.7222222222222222,1.7142857142857142
0.16622832989632824,-0.056505354533954534,0.6732118216369729,0.5978049367032608,-0.8182918448558838,0.2222222222222222,0.0,0.6666666666666666,0.5555555555555556,-0.8571428571428571
0.850400943854979,0.06386279888066951,-0.9616935644924389,2.015679282619903,-1.4262349188663772,0.8888888888888888,0.0,-1.0,2.0,-1.5714285714285714
0.7411755446340276,2.5761939202665087,2.3263859873598105,0.6463645073747033,0.2258568285306419,0.7777777777777778,2.3333333333333335,2.3333333333333335,0.6666666666666666,0.14285714285714285
0.5230617268429177,0.2822339966694663,0.000881138665941862,-0.023333363774266893,0.6182596901693789,0.5555555555555556,0.3333333333333333,0.0,0.0,0.7142857142857143
1.4062853074504025,-0.35489992477972526,-0.8345977343240153,2.1256626327248953,0.8304318435369646,1.5555555555555556,-0.3333333333333333,-1.0,2.111111111111111,0.8571428571428571
-0.03408927694334808,-1.0953895636934603,0.014857797000516268,1.1059346412442113,0.36688866343525994,0.0,-1.0,0.0,1.0555555555555556,0.2857142857142857
0.5012283176588811,0.3028643665555526,-0.010955710712833275,0.5873114289446772,0.5972145762135868,0.5555555555555556,0.3333333333333333,0.0,0.5555555555555556,0.5714285714285714
0.6821560114784682,0.3251707549857726,-0.5703540774283673,0.6661687307238457,1.2172435764034022,0.7777777777777778,0.3333333333333333,-0.6666666666666666,0.6111111111111112,1.2857142857142858
-0.13330998342534395,1.7524901467229557,0.9075505977468272,0.7551098830245606,1.8599993934894468,-0.1111111111111111,1.6666666666666667,1.0,0.7777777777777778,1.8571428571428572
0.37059730464429175,1.7063812348778922,0.02270156350884199,0.2564536559139572,1.9561908441616058,0.4444444444444444,1.6666666666666667,0.0,0.3333333333333333,2.0
0.3419773936994153,0.7432871384082007,-0.4999230696828909,0.3107827549135059,0.018751765980630525,0.4444444444444444,0.6666666666666666,-0.6666666666666666,0.2777777777777778,0.0
0.07593026819202801,0.5985507587984772,0.7442624397017393,0.7141356747203645,2.1165541600286124,0.1111111111111111,0.6666666666666666,0.6666666666666666,0.7222222222222222,2.2857142857142856
-0.22571816746933576,0.36674494702946103,1.228797709386784,0.851571500214024,1.4299737836615374,-0.1111111111111111,0.3333333333333333,1.3333333333333333,0.8888888888888888,1.4285714285714286
1.390325872913209,0.2472898577513895,1.0100516492435996,0.34550128671233127,2.023782594526997,1.4444444444444444,0.3333333333333333,1.0,0.4444444444444444,2.142857142857143
0.4125941623254862,0.32690880234353137,0.9571093511492138,-0.8115038488026061,0.28256909527077456,0.5555555555555556,0.3333333333333333,1.0,-0.6666666666666666,0.2857142857142857
-0.9842364934329351,0.2919009805101333,-0.3613988328125344,0.4887258118451102,0.5819370888103136,-0.8888888888888888,0.3333333333333333,-0.3333333333333333,0.4444444444444444,0.5714285714285714
1.0861761030480648,0.3378151218804162,-0.5605448541953421,0.41449009137914633,0.5075341286537248,1.2222222222222223,0.3333333333333333,-0.6666666666666666,0.4444444444444444,0.42857142857142855
0.28204778091929505,2.4597406120424394,0.48854328710915335,0.8069632274176677,2.480720746335306,0.3333333333333333,2.3333333333333335,0.6666666666666666,0.7777777777777778,2.4285714285714284
0.5765065231390162,-0.322569680067785,0.12212957010366303,0.5522248856959153,0.06094372079463198,0.6666666666666666,-0.3333333333333333,0.0,0.5555555555555556,-0.14285714285714285
0.718910733233055,0.6950059775100065,1.233024188072571,1.167370273211259,0.21704638024713904,0.7777777777777778,0.6666666666666666,1.3333333333333333,1.1666666666666667,0.14285714285714285
-0.5758758437558812,-1.0896535525348903,-0.2510606137962631,0.32810066648155956,1.6630307589099687,-0.5555555555555556,-1.0,-0.3333333333333333,0.3333333333333333,1.7142857142857142
-1.0920265045071804,1.140548607639221,0.04080779958801468,1.1140325771093111,1.4961981575878076,-1.0,1.0,0.0,1.0555555555555556,1.5714285714285714
1.1961698851367444,0.3401800737812061,0.06760351469091193,1.4050733506665292,1.8691987786995419,1.3333333333333333,0.3333333333333333,0.0,1.5555555555555556,1.8571428571428572
0.18398113011407807,0.6744500422002697,1.6227055923651783,2.5204495387453796,0.1726544608289656,0.2222222222222222,0.6666666666666666,1.6666666666666667,2.388888888888889,0.14285714285714285
0.631482932561233,-0.06272064165913005,-0.016548874716113438,0.8002965983164088,0.3430592167702418,0.6666666666666666,0.0,0.0,0.9444444444444444,0.2857142857142857
-0.9462323927287921,0.3450456139219125,0.2676410941957031,0.5406196362023513,-0.398371535208178,-0.8888888888888888,0.3333333333333333,0.3333333333333333,0.5,-0.5714285714285714
0.7171178828134334,0.3396697834077888,-0.2953037080412848,1.1282982993816528,1.4571072687722646,0.7777777777777778,0.3333333333333333,-0.3333333333333333,1.1666666666666667,1.4285714285714286
1.515154918996473,-0.010396856214315247,-0.36409087293855413,0.7538107028636548,0.8981102382671898,1.6666666666666667,0.0,-0.3333333333333333,0.6666666666666666,0.8571428571428571
